{"cameraMode":{"drawMode":0,"name":"Shaded","section":"Shading Mode"},"sceneLighting":true,"audioPlay":false,"sceneViewState":{"showFog":false,"showMaterialUpdate":true,"showSkybox":true,"showFlares":true,"showImageEffects":true,"showParticleSystems":true},"in2DMode":false,"pivot":{"x":0.6509318351745606,"y":-0.10395288467407227,"z":-2.907288074493408},"rotation":{"x":-0.044508133083581927,"y":0.952634871006012,"z":-0.24711726605892182,"w":-0.1715785413980484},"size":4.748993873596191,"orthographic":false}